{
    "elapsed_time": 1144.5494804969999,
    "num_requests": 200,
    "total_num_tokens": 148383,
    "requests_per_second": 0.17474124396365426,
    "tokens_per_second": 129.64315001529454
}