{
    "elapsed_time": 2521.089253471,
    "num_requests": 200,
    "total_num_tokens": 148383,
    "requests_per_second": 0.07933078915180922,
    "tokens_per_second": 58.85670243356453
}