{
    "elapsed_time": 4157.945119348005,
    "num_requests": 200,
    "total_num_tokens": 146523,
    "requests_per_second": 0.04810068297182368,
    "tokens_per_second": 35.23928185540261
}