{
    "elapsed_time": 4332.287149489999,
    "num_requests": 200,
    "total_num_tokens": 148383,
    "requests_per_second": 0.04616499163116281,
    "tokens_per_second": 34.25049976603416
}