{
    "elapsed_time": 455.70548719400176,
    "num_requests": 200,
    "total_num_tokens": 145877,
    "requests_per_second": 0.4388799468522891,
    "tokens_per_second": 320.11245003485686
}