{
    "elapsed_time": 335.05888146700454,
    "num_requests": 200,
    "total_num_tokens": 145877,
    "requests_per_second": 0.5969100091432595,
    "tokens_per_second": 435.37720701895637
}