{
    "elapsed_time": 1634.9750982139994,
    "num_requests": 200,
    "total_num_tokens": 148383,
    "requests_per_second": 0.12232602210178879,
    "tokens_per_second": 90.75551068764864
}