{
    "elapsed_time": 1091.8771670240021,
    "num_requests": 200,
    "total_num_tokens": 148383,
    "requests_per_second": 0.1831707870081356,
    "tokens_per_second": 135.89715444314092
}