{
    "elapsed_time": 204.81132464800612,
    "num_requests": 200,
    "total_num_tokens": 145877,
    "requests_per_second": 0.9765085028561044,
    "tokens_per_second": 712.2506543556997
}