{
    "elapsed_time": 643.2939088169951,
    "num_requests": 200,
    "total_num_tokens": 147036,
    "requests_per_second": 0.31089988146754893,
    "tokens_per_second": 228.56737485731261
}