{
    "elapsed_time": 506.7066292789823,
    "num_requests": 200,
    "total_num_tokens": 148383,
    "requests_per_second": 0.39470571025405726,
    "tokens_per_second": 292.8380870231389
}