{
    "elapsed_time": 4332.640413880999,
    "num_requests": 200,
    "total_num_tokens": 148383,
    "requests_per_second": 0.04616122754134777,
    "tokens_per_second": 34.247707131339034
}