{
    "elapsed_time": 2529.5832797090006,
    "num_requests": 200,
    "total_num_tokens": 148383,
    "requests_per_second": 0.0790644062222801,
    "tokens_per_second": 58.65906894240294
}