{
    "elapsed_time": 337.43789082100557,
    "num_requests": 200,
    "total_num_tokens": 145877,
    "requests_per_second": 0.5927016658188227,
    "tokens_per_second": 432.307704523262
}