{
    "elapsed_time": 453.8546269860017,
    "num_requests": 200,
    "total_num_tokens": 145877,
    "requests_per_second": 0.44066973896064,
    "tokens_per_second": 321.4178975518064
}