{
    "elapsed_time": 1098.352858186001,
    "num_requests": 200,
    "total_num_tokens": 148383,
    "requests_per_second": 0.1820908449496937,
    "tokens_per_second": 135.095929230852
}