{
    "elapsed_time": 1633.0052140549997,
    "num_requests": 200,
    "total_num_tokens": 148383,
    "requests_per_second": 0.12247358323086407,
    "tokens_per_second": 90.86498850272652
}