{
    "elapsed_time": 4305.291862811999,
    "num_requests": 200,
    "total_num_tokens": 148383,
    "requests_per_second": 0.04645445799564681,
    "tokens_per_second": 34.465259203840304
}