{
    "elapsed_time": 4105.398891457,
    "num_requests": 200,
    "total_num_tokens": 146523,
    "requests_per_second": 0.04871633799487394,
    "tokens_per_second": 35.69031996011457
}