{
    "elapsed_time": 1533.0146886510047,
    "num_requests": 200,
    "total_num_tokens": 148383,
    "requests_per_second": 0.13046189412313622,
    "tokens_per_second": 96.7916361783666
}