{
    "elapsed_time": 621.8857437379993,
    "num_requests": 200,
    "total_num_tokens": 149199,
    "requests_per_second": 0.3216024840798732,
    "tokens_per_second": 239.913845111165
}