{
    "elapsed_time": 965.9201116630011,
    "num_requests": 200,
    "total_num_tokens": 149199,
    "requests_per_second": 0.20705646107281572,
    "tokens_per_second": 154.46308467801518
}