{
    "elapsed_time": 1818.3989773540015,
    "num_requests": 200,
    "total_num_tokens": 149199,
    "requests_per_second": 0.10998686343908148,
    "tokens_per_second": 82.04965019123759
}