{
    "elapsed_time": 3001.067305683,
    "num_requests": 200,
    "total_num_tokens": 149199,
    "requests_per_second": 0.06664295719768366,
    "tokens_per_second": 49.71531285468602
}