{
    "elapsed_time": 374.6778554289922,
    "num_requests": 200,
    "total_num_tokens": 145877,
    "requests_per_second": 0.5337918884237433,
    "tokens_per_second": 389.33979653795194
}