{
    "elapsed_time": 454.08472789200096,
    "num_requests": 200,
    "total_num_tokens": 145877,
    "requests_per_second": 0.44044643590737054,
    "tokens_per_second": 321.2550236542975
}