{
    "elapsed_time": 858.2800108249994,
    "num_requests": 200,
    "total_num_tokens": 147036,
    "requests_per_second": 0.2330241849717031,
    "tokens_per_second": 171.31472030749669
}