{
    "elapsed_time": 1955.839130018001,
    "num_requests": 200,
    "total_num_tokens": 147036,
    "requests_per_second": 0.10225789888872877,
    "tokens_per_second": 75.17796210501562
}