{
    "elapsed_time": 1097.391157363003,
    "num_requests": 200,
    "total_num_tokens": 148383,
    "requests_per_second": 0.1822504206071733,
    "tokens_per_second": 135.21432080477098
}