{
    "elapsed_time": 1610.5420935349975,
    "num_requests": 200,
    "total_num_tokens": 148383,
    "requests_per_second": 0.1241817899717341,
    "tokens_per_second": 92.1323327068791
}