{
    "elapsed_time": 789.1420173590304,
    "num_requests": 200,
    "total_num_tokens": 146805,
    "requests_per_second": 0.2534398062712803,
    "tokens_per_second": 186.03115379827653
}