{
    "elapsed_time": 571.4193902639672,
    "num_requests": 200,
    "total_num_tokens": 146805,
    "requests_per_second": 0.35000562355367393,
    "tokens_per_second": 256.91287782898553
}