{
    "elapsed_time": 930.6109793490032,
    "num_requests": 200,
    "total_num_tokens": 148857,
    "requests_per_second": 0.2149125729635249,
    "tokens_per_second": 159.95620436815713
}