{
    "elapsed_time": 520.7929677469656,
    "num_requests": 200,
    "total_num_tokens": 148857,
    "requests_per_second": 0.3840297630462106,
    "tokens_per_second": 285.8275921888489
}