{
    "elapsed_time": 237.61095946098794,
    "num_requests": 200,
    "total_num_tokens": 145877,
    "requests_per_second": 0.8417120172137385,
    "tokens_per_second": 613.9321196754427
}