{
    "elapsed_time": 1361.426551499986,
    "num_requests": 200,
    "total_num_tokens": 146523,
    "requests_per_second": 0.14690473002722398,
    "tokens_per_second": 107.62460878889469
}