{
    "elapsed_time": 1724.1368565150187,
    "num_requests": 200,
    "total_num_tokens": 147036,
    "requests_per_second": 0.11600007229371459,
    "tokens_per_second": 85.2809331488931
}