{
    "elapsed_time": 1199.1163451180328,
    "num_requests": 200,
    "total_num_tokens": 147036,
    "requests_per_second": 0.16678948695367285,
    "tokens_per_second": 122.62029501860121
}