{
    "elapsed_time": 357.72086531698005,
    "num_requests": 200,
    "total_num_tokens": 147036,
    "requests_per_second": 0.5590951476167821,
    "tokens_per_second": 411.03557062490586
}