{
    "elapsed_time": 485.412814248004,
    "num_requests": 200,
    "total_num_tokens": 146805,
    "requests_per_second": 0.4120204373051785,
    "tokens_per_second": 302.43330149293365
}