{
    "elapsed_time": 918.187000697013,
    "num_requests": 200,
    "total_num_tokens": 146805,
    "requests_per_second": 0.21782055272855774,
    "tokens_per_second": 159.8857312165796
}