{
    "elapsed_time": 486.3392907420057,
    "num_requests": 200,
    "total_num_tokens": 146278,
    "requests_per_second": 0.41123553824915293,
    "tokens_per_second": 300.773560320048
}