{
    "elapsed_time": 455.7690629530116,
    "num_requests": 200,
    "total_num_tokens": 146278,
    "requests_per_second": 0.4388187269758136,
    "tokens_per_second": 320.9476287228403
}