{
    "elapsed_time": 610.5734472059994,
    "num_requests": 200,
    "total_num_tokens": 146278,
    "requests_per_second": 0.32756091984544267,
    "tokens_per_second": 239.57478116575834
}