{
    "elapsed_time": 2555.370411345997,
    "num_requests": 200,
    "total_num_tokens": 146523,
    "requests_per_second": 0.07826653979868753,
    "tokens_per_second": 57.339241054615464
}