{
    "elapsed_time": 1436.7757533449912,
    "num_requests": 200,
    "total_num_tokens": 148383,
    "requests_per_second": 0.13920056733583883,
    "tokens_per_second": 103.27498891496886
}