{
    "elapsed_time": 511.42410408201977,
    "num_requests": 200,
    "total_num_tokens": 148383,
    "requests_per_second": 0.39106486847934124,
    "tokens_per_second": 290.1368918978505
}