{
    "elapsed_time": 440.66104900900973,
    "num_requests": 200,
    "total_num_tokens": 146805,
    "requests_per_second": 0.4538635771184551,
    "tokens_per_second": 333.147212194374
}