{
    "elapsed_time": 456.45958357997006,
    "num_requests": 200,
    "total_num_tokens": 146805,
    "requests_per_second": 0.4381548929949473,
    "tokens_per_second": 321.6166453306162
}