{
    "elapsed_time": 1144.2253085140255,
    "num_requests": 200,
    "total_num_tokens": 146805,
    "requests_per_second": 0.1747907501362075,
    "tokens_per_second": 128.30078036872973
}