{
    "elapsed_time": 374.03978066996206,
    "num_requests": 200,
    "total_num_tokens": 148857,
    "requests_per_second": 0.5347024844303181,
    "tokens_per_second": 397.9710386242193
}