{
    "elapsed_time": 555.4390292470343,
    "num_requests": 200,
    "total_num_tokens": 148857,
    "requests_per_second": 0.36007552488906747,
    "tokens_per_second": 267.99881204205957
}