{
    "elapsed_time": 224.3753512299736,
    "num_requests": 200,
    "total_num_tokens": 145877,
    "requests_per_second": 0.8913635071929533,
    "tokens_per_second": 650.1471716939323
}