{
    "elapsed_time": 1493.5249834020506,
    "num_requests": 200,
    "total_num_tokens": 146523,
    "requests_per_second": 0.13391138562973798,
    "tokens_per_second": 98.10548978313048
}