{
    "elapsed_time": 282.87595599895576,
    "num_requests": 200,
    "total_num_tokens": 147036,
    "requests_per_second": 0.707023682142636,
    "tokens_per_second": 519.7896706376232
}