{
    "elapsed_time": 1707.9124416089617,
    "num_requests": 200,
    "total_num_tokens": 147036,
    "requests_per_second": 0.11710202181769186,
    "tokens_per_second": 86.0910643999307
}