{
    "elapsed_time": 1966.935257990961,
    "num_requests": 200,
    "total_num_tokens": 147036,
    "requests_per_second": 0.10168102848706935,
    "tokens_per_second": 74.75385852312364
}