{
    "elapsed_time": 399.3928133630543,
    "num_requests": 200,
    "total_num_tokens": 146805,
    "requests_per_second": 0.5007601371589951,
    "tokens_per_second": 367.5704596781314
}