{
    "elapsed_time": 813.6141017450136,
    "num_requests": 200,
    "total_num_tokens": 146805,
    "requests_per_second": 0.24581678165489804,
    "tokens_per_second": 180.43566315423652
}