{
    "elapsed_time": 515.8461766529945,
    "num_requests": 200,
    "total_num_tokens": 148383,
    "requests_per_second": 0.38771247913026285,
    "tokens_per_second": 287.64970395392896
}