{
    "elapsed_time": 2007.6700036330149,
    "num_requests": 200,
    "total_num_tokens": 148383,
    "requests_per_second": 0.09961796492356137,
    "tokens_per_second": 73.90806244626403
}