{
    "elapsed_time": 517.1218074240023,
    "num_requests": 200,
    "total_num_tokens": 148383,
    "requests_per_second": 0.3867560739630818,
    "tokens_per_second": 286.94013261431985
}